{
	"info": {
		"_postman_id": "e9742350-bf37-4827-8870-05f047ce8f6e",
		"name": "RockPaperScissors",
		"schema": "https://schema.getpostman.com/json/collection/v2.1.0/collection.json"
	},
	"item": [
		{
			"name": "NewGame",
			"event": [
				{
					"listen": "prerequest",
					"script": {
						"id": "b16c751f-d506-4cf6-bf5c-7fe300671aec",
						"exec": [
							""
						],
						"type": "text/javascript"
					}
				},
				{
					"listen": "test",
					"script": {
						"id": "d2ac5e5c-1859-4b05-adc5-f9d7251c87c6",
						"exec": [
							"postman.setEnvironmentVariable(\"gameId\", responseBody);"
						],
						"type": "text/javascript"
					}
				}
			],
			"request": {
				"method": "POST",
				"header": [
					{
						"key": "Content-Type",
						"name": "Content-Type",
						"value": "application/json",
						"type": "text"
					}
				],
				"body": {
					"mode": "raw",
					"raw": "{\n\tname: \"Leeroy\"\n}",
					"options": {
						"raw": {
							"language": "json"
						}
					}
				},
				"url": {
					"raw": "https://localhost:5001/api/game",
					"protocol": "https",
					"host": [
						"localhost"
					],
					"port": "5001",
					"path": [
						"api",
						"game"
					]
				}
			},
			"response": []
		},
		{
			"name": "JoinGame",
			"request": {
				"method": "GET",
				"header": [],
				"url": {
					"raw": ""
				}
			},
			"response": []
		},
		{
			"name": "PlayerTwoMove",
			"request": {
				"method": "POST",
				"header": [
					{
						"key": "Content-Type",
						"name": "Content-Type",
						"value": "application/json",
						"type": "text"
					}
				],
				"body": {
					"mode": "raw",
					"raw": "{\n\tname: \"Jenkins\",\n\tmove: \"Paper\"\n}",
					"options": {
						"raw": {
							"language": "json"
						}
					}
				},
				"url": {
					"raw": "https://localhost:5001/api/game/{{gameId}}/move",
					"protocol": "https",
					"host": [
						"localhost"
					],
					"port": "5001",
					"path": [
						"api",
						"game",
						"{{gameId}}",
						"move"
					]
				}
			},
			"response": []
		},
		{
			"name": "PlayerOneMove",
			"request": {
				"method": "POST",
				"header": [
					{
						"key": "Content-Type",
						"name": "Content-Type",
						"value": "application/json",
						"type": "text"
					}
				],
				"body": {
					"mode": "raw",
					"raw": "{\n\tname: \"Leeroy\",\n\tmove: \"Rock\"\n}",
					"options": {
						"raw": {
							"language": "json"
						}
					}
				},
				"url": {
					"raw": "https://localhost:5001/api/game/{{gameId}}/move",
					"protocol": "https",
					"host": [
						"localhost"
					],
					"port": "5001",
					"path": [
						"api",
						"game",
						"{{gameId}}",
						"move"
					]
				}
			},
			"response": []
		},
		{
			"name": "GetGameResult",
			"request": {
				"method": "GET",
				"header": [],
				"url": {
					"raw": "https://localhost:5001/api/game/{{gameId}}",
					"protocol": "https",
					"host": [
						"localhost"
					],
					"port": "5001",
					"path": [
						"api",
						"game",
						"{{gameId}}"
					]
				}
			},
			"response": []
		}
	],
	"protocolProfileBehavior": {}
}